id,first_name,last_name,credito,cargo
1,Red,Spoure,americanexpress,Male
2,Boniface,Bentham,jcb,Male
3,Pia,Lyptrit,jcb,Agender
4,Reagan,Dielhenn,diners-club-us-ca,Male
5,Anastassia,Van Eeden,jcb,Female
6,Xerxes,Haszard,laser,Male
7,Hurleigh,Feldmus,jcb,Male
8,Daniela,Whitelaw,americanexpress,Genderfluid
9,Christoph,Ickovicz,china-unionpay,Male
10,Tan,Betho,bankcard,Male
11,Jo-anne,Febry,jcb,Female
12,Kyrstin,Outhwaite,maestro,Female
13,Danyette,Tatam,mastercard,Female
14,Eddy,Chevis,diners-club-carte-blanche,Agender
15,Giusto,Joscelyne,laser,Male
16,Delphine,Verrico,jcb,Female
17,Livia,Colvin,maestro,Female
18,Sileas,Dongall,visa-electron,Female
19,Westbrooke,Sholl,americanexpress,Male
20,Willi,Spenton,maestro,Female
21,Winifield,Neill,diners-club-carte-blanche,Polygender
22,Agnella,Minchi,bankcard,Genderqueer
23,Ozzie,Molohan,jcb,Bigender
24,Seumas,Hobbert,jcb,Male
25,Alyse,Bydaway,jcb,Female
26,Carmen,Dunster,switch,Female
27,Marleen,Cogan,jcb,Female
28,Johan,Rosewall,mastercard,Male
29,Stanislas,Colbourn,mastercard,Male
30,Kelsy,Costell,americanexpress,Female
31,Baxy,Basten,jcb,Male
32,Michale,Titley,bankcard,Male
33,Brittany,Moggach,diners-club-enroute,Female
34,Adina,Venes,americanexpress,Female
35,Hughie,Skitch,mastercard,Male
36,Loren,Syddall,jcb,Female
37,Morten,Huyton,diners-club-international,Male
38,Lyndsie,Gilhooley,diners-club-us-ca,Female
39,Clarie,Lawlance,maestro,Female
40,Fleurette,Garrand,jcb,Female
41,Agnese,Millimoe,americanexpress,Female
42,Beau,Egglestone,maestro,Male
43,Pincus,Tanton,jcb,Male
44,Esmeralda,Purser,bankcard,Female
45,Skyler,De Ambrosi,diners-club-carte-blanche,Male
46,Bradly,Guerreiro,bankcard,Male
47,Nichols,Mival,visa,Male
48,Waldo,Stoute,diners-club-us-ca,Male
49,Augustin,Silcocks,jcb,Non-binary
50,Briano,O'Fielly,visa,Male
51,Kurtis,de Guerre,laser,Male
52,Cass,Brikner,americanexpress,Male
53,Pepillo,Wabey,jcb,Male
54,Alexandre,Cristofari,mastercard,Male
55,Ekaterina,Redmayne,jcb,Female
56,Guy,Eton,jcb,Male
57,Benjamin,Arkwright,jcb,Male
58,Earl,Threadgall,mastercard,Male
59,Sargent,Withur,jcb,Male
60,Palmer,Brogiotti,jcb,Male
61,Angil,Midford,mastercard,Female
62,Nealson,Hexham,diners-club-enroute,Male
63,Ginnifer,Carles,jcb,Agender
64,Janella,Dani,jcb,Female
65,Dun,Jubb,jcb,Non-binary
66,Antonio,Chrichton,jcb,Male
67,Talyah,Mazzilli,china-unionpay,Female
68,Batsheva,Chill,jcb,Female
69,Cirillo,Auld,jcb,Male
70,Burty,Geldart,jcb,Male
71,Janine,Edlyne,jcb,Female
72,Jerad,Offener,switch,Male
73,Celestyn,Maunders,visa,Female
74,Candace,Dennerly,mastercard,Female
75,Giacobo,Lewens,jcb,Male
76,Guenna,Stapleton,mastercard,Female
77,Roseann,Feirn,jcb,Female
78,Shayne,Cheshire,jcb,Male
79,Tish,Pope,jcb,Female
80,Porty,Tegler,diners-club-carte-blanche,Male
81,Dee dee,Parell,china-unionpay,Female
82,Maudie,Dudliston,jcb,Female
83,Udell,Harcombe,mastercard,Male
84,Nomi,Davidoff,jcb,Female
85,Daffi,Dowdle,jcb,Female
86,Wilmar,Olver,bankcard,Male
87,Livvie,Melchior,jcb,Female
88,Spencer,Northidge,jcb,Agender
89,Judd,Conaboy,china-unionpay,Male
90,Laverne,Kantor,jcb,Female
91,Quinlan,Girkin,jcb,Male
92,Violetta,Cholton,diners-club-enroute,Female
93,Noelani,Fiddyment,maestro,Female
94,Manon,Pechard,instapayment,Female
95,Biddie,Limbrick,jcb,Female
96,Galven,Ruperti,jcb,Polygender
97,Sib,Bramley,jcb,Female
98,Nestor,Endrici,mastercard,Male
99,Phillis,Fenimore,bankcard,Female
100,Geneva,Esgate,jcb,Female
101,Pia,Carlan,diners-club-enroute,Female
102,Lilia,Tricker,mastercard,Female
103,Lori,Souster,china-unionpay,Female
104,Timoteo,Merigot,jcb,Male
105,Robbert,Dablin,jcb,Male
106,Bennie,Gravatt,jcb,Male
107,Sigrid,Coda,visa-electron,Female
108,Elbert,Longhorn,jcb,Male
109,Manny,Dyster,jcb,Male
110,Esdras,Ivatts,diners-club-carte-blanche,Male
111,Tersina,Vidineev,jcb,Female
112,Basilius,Ivins,jcb,Male
113,Vaclav,Cuddehay,visa-electron,Male
114,Eimile,Meredith,jcb,Polygender
115,Osgood,Lawful,visa-electron,Agender
116,Mohammed,Guerrier,maestro,Male
117,Baxter,Desquesnes,visa-electron,Male
118,Ban,Wixon,mastercard,Male
119,Hobart,Oventon,jcb,Male
120,Emery,Collop,jcb,Male
121,Bondy,Ilymanov,jcb,Male
122,Stormy,Lowthian,maestro,Female
123,Killy,Tofanelli,china-unionpay,Male
124,Vern,Grissett,jcb,Male
125,Madelon,Tadd,jcb,Female
126,Yorke,Delacourt,jcb,Male
127,Farleigh,Studart,bankcard,Male
128,Wynny,Stephens,jcb,Female
129,Laina,Dunthorn,jcb,Female
130,Ewell,Phizakarley,maestro,Male
131,Sullivan,Spriggs,mastercard,Male
132,Jobie,Osmint,diners-club-international,Female
133,Halley,Teager,jcb,Female
134,Idette,Ouver,jcb,Female
135,Husein,Ashton,diners-club-carte-blanche,Male
136,Gonzales,Conduit,jcb,Male
137,Thaddus,Willers,maestro,Male
138,Leonardo,Donaho,diners-club-carte-blanche,Male
139,Ebony,Yabsley,mastercard,Female
140,Dennison,Hargey,americanexpress,Male
141,Dev,Taylorson,jcb,Male
142,Kelcie,Ardy,maestro,Female
143,Florina,Verny,jcb,Genderfluid
144,Vassili,Casaletto,jcb,Male
145,Farr,Enrigo,mastercard,Male
146,Garvy,Feehan,jcb,Male
147,Fina,Beldan,jcb,Female
148,Anabel,Valentelli,mastercard,Female
149,Karil,Pyer,jcb,Female
150,Irita,Kropach,jcb,Genderqueer
151,Neale,O'Luney,jcb,Male
152,Tanney,Askey,jcb,Male
153,Josiah,Simacek,switch,Male
154,Pascal,Klyn,jcb,Male
155,Randolph,De Francesco,jcb,Male
156,Sigismund,De Giovanni,switch,Genderfluid
157,Barny,Hewins,jcb,Male
158,Nicolas,MacSharry,americanexpress,Male
159,Berky,Gunton,china-unionpay,Male
160,Kinsley,Crigin,maestro,Male
161,Guthrie,Wisby,switch,Male
162,Silva,Wickie,jcb,Female
163,Jacklyn,Trethowan,bankcard,Female
164,Clemens,Sivell,switch,Polygender
165,Glennis,Mowne,china-unionpay,Female
166,Trenna,Maunsell,jcb,Female
167,Kirsten,Kedwell,maestro,Bigender
168,Rosalynd,Durrett,mastercard,Female
169,Harriott,Edlyne,jcb,Female
170,Cicily,Cartan,jcb,Female
171,Niccolo,Muldoon,jcb,Male
172,Domenic,Ellwand,jcb,Male
173,Darrin,Secretan,jcb,Genderqueer
174,Fonzie,Horche,jcb,Bigender
175,Damian,Kilgannon,jcb,Male
176,Mollee,Wall,mastercard,Female
177,Marla,Britian,diners-club-us-ca,Female
178,Nita,O'Downe,laser,Female
179,Vlad,Saller,bankcard,Male
180,Germayne,Brightwell,jcb,Male
181,Laney,Maggiore,jcb,Male
182,Antonella,Abramsky,jcb,Female
183,Maryanna,Kerby,visa-electron,Female
184,Brooke,Iacoboni,maestro,Male
185,Muriel,Duly,bankcard,Female
186,Ollie,Finlayson,americanexpress,Male
187,Gae,Spoors,instapayment,Female
188,Dalston,Callcott,jcb,Male
189,Darda,Priddle,mastercard,Polygender
190,Udell,Linning,maestro,Male
191,Leicester,Temperley,jcb,Male
192,Gunar,Cadge,jcb,Male
193,Dulci,Derisley,switch,Female
194,Frederigo,Snook,jcb,Male
195,Roanna,Britian,jcb,Female
196,Marion,Beck,bankcard,Male
197,Em,Whopples,jcb,Male
198,Gerrie,Minkin,jcb,Male
199,Tallie,Hudson,switch,Female
200,Kristoforo,Barker,visa-electron,Male
